Emoji,ASCII Code,Hex Color,Normalized Color
ğŸŸ©,129001,#37c136,#00ad00
ğŸŸ¦,128998,#3b80f5,#0558f2
â¬›,11035,#3c3c3c,#060007
ğŸš¹,128697,#4797e6,#1477df
ğŸŸ¢,128994,#49c849,#16b718
ğŸ…°,127344,#4d4d4d,#1c161d
âœ…,9989,#4dcc52,#1cbc23
ğŸ”µ,128309,#4f8ad8,#1e66cd
ğŸ›‚,128706,#519be6,#217cdf
âš«,9899,#545453,#241f24
ğŸ›ƒ,128707,#549de7,#247ee0
â,10062,#54cd59,#24bd2c
ğŸ§,127975,#5688bd,#2763ab
ğŸ’¹,128185,#56cd5b,#27bd2e
ğŸŒŒ,127756,#58697b,#2a3a57
ğŸš¾,128702,#5ba1e7,#2d84e0
â™¿,9855,#5ca1e7,#2f84e0
ğŸ›…,128709,#5ca2e7,#2f85e0
ğŸˆ³,127539,#5fa2e7,#3385e0
ğŸ›œ,128732,#6497eb,#3977e5
ğŸ½,127933,#64bdde,#39a8d5
ğŸˆ¯,127535,#64d068,#39c13f
ğŸ’»,128187,#676767,#3d383e
ğŸŒ‘,127761,#687282,#3e4660
ğŸ•‹,128331,#696660,#3f3635
ğŸ›„,128708,#6aa9e8,#418ee1
ğŸŒƒ,127747,#6c8ca1,#436887
ğŸ“Ÿ,128223,#6e9d81,#467e5f
ğŸ©»,129659,#6ea5bd,#4689ab
ğŸ¥¬,129388,#6eac6d,#469245
ğŸ–²,128434,#6f798b,#474f6b
ğŸ›—,128727,#70a6e6,#488adf
ğŸ§¿,129535,#7388d4,#4c63c8
ğŸ’™,128153,#74a8f8,#4d8df6
ğŸª¼,129724,#79c0fd,#54acfc
ğŸ“˜,128216,#7aa2c1,#5585b0
ğŸš›,128667,#7ca47f,#57885c
ğŸª£,129699,#7ca5b2,#57899d
ğŸŒš,127770,#7d818e,#595a6f
ğŸŒ,127758,#7e9bb7,#5a7ca3
ğŸ–¤,128420,#838383,#605c61
ğŸŒ˜,127768,#83847b,#605e57
ğŸ¥,127909,#838588,#605f68
ğŸŒ‰,127753,#847d7d,#62555a
ğŸŒ’,127762,#84867e,#62605b
ğŸ›,128734,#848687,#626066
ğŸ–¥,128421,#858585,#635f64
ğŸ”·,128311,#85b6e2,#639fda
ğŸ”³,128307,#868685,#646064
ğŸ¥,129359,#86b2d6,#649aca
ğŸ§³,129523,#87776c,#664d44
ğŸ±,127921,#888888,#676368
ğŸ®,127918,#8a8985,#696464
â›´,9972,#8a8a8a,#69666a
ğŸ¦š,129434,#8ab493,#699c75
ğŸ¦‹,129419,#8ab8cd,#69a2bf
ğŸ†,127878,#8b7391,#6b4773
ğŸ¦¥,129445,#8b7e68,#6b563f
ğŸ´,127988,#8b8b8b,#6b676b
ğŸ“º,128250,#8d8882,#6d6360
ğŸŒ€,127744,#8daef1,#6d95ed
ğŸš™,128665,#8db7c9,#6da0ba
ğŸ’š,128154,#8ddb86,#6dcf65
ğŸŒ,127759,#8ea4b2,#6e889d
ğŸ¥¦,129382,#8ea97a,#6e8e56
ğŸŒ,127757,#8fa6ae,#708a98
â˜,9729,#909090,#716d72
ğŸš,128654,#90aebf,#7195ad
ğŸ¿,127999,#918680,#72605d
ğŸ’£,128163,#91918e,#726f6f
ğŸ—¾,128510,#91b8e0,#72a2d7
ğŸ“¼,128252,#929292,#747074
ğŸŸ«,129003,#93694d,#753a1d
ğŸ‘,127889,#939799,#75777d
ğŸš,128669,#939ba6,#757c8e
ğŸ“²,128242,#939da6,#757e8e
ğŸšˆ,128648,#94a0ad,#768296
ğŸ™,127961,#94b2ce,#769ac0
ğŸ³,128051,#94cfde,#76c0d5
ğŸ¥·,129399,#959491,#777373
ğŸ—„,128452,#959a9b,#777a80
ğŸ“«,128235,#95aec1,#7795b0
ğŸ,127966,#95c2bc,#77afaa
ğŸš‡,128647,#96908f,#796d70
ğŸ©,127913,#969287,#797066
ğŸ”²,128306,#969695,#797578
ğŸš”,128660,#969ea2,#798089
ğŸ“­,128237,#96a1ab,#798494
ğŸ«‘,129745,#96ac7e,#79925b
ğŸŒ³,127795,#96ad73,#79934d
ğŸ§¤,129508,#96d7b9,#79caa6
â™»,9851,#979797,#7a777b
ğŸŒ ,127776,#97aa9d,#7a8f82
ğŸª€,129664,#97ca80,#7ab95d
ğŸ¥…,129349,#988282,#7b5b60
ğŸ”£,128291,#98afc4,#7b96b4
ğŸ“ª,128234,#98b4c6,#7b9cb6
ğŸ”¢,128290,#9ab1c5,#7e99b5
ğŸ—º,128506,#9abfc6,#7eabb6
ğŸ¦ ,129440,#9ac875,#7eb74f
ğŸ“,127891,#9b9690,#7f7572
ğŸ“½,128253,#9b9d9d,#7f7e82
ğŸš®,128686,#9bb1c5,#7f99b5
ğŸ”¡,128289,#9bb2c5,#7f9ab5
ğŸ¥¶,129398,#9bc2ea,#7fafe4
âŒš,8986,#9c9c9b,#807d80
ğŸ—ƒ,128451,#9d9994,#827977
ğŸ›,127899,#9da1a4,#82848b
â˜,9742,#9e9e9e,#838083
ğŸ¬,127980,#9ea2a9,#838591
ğŸ†™,127385,#9eb4c7,#839cb7
ğŸŸ¤,128996,#9f7b62,#845237
ğŸŠ,128010,#9fb29f,#849a85
ğŸ” ,128288,#9fb4c7,#849cb7
ğŸ§Œ,129484,#a09e93,#858075
ğŸ¬,127916,#a0a0a0,#858286
ğŸ“¬,128236,#a0a8b2,#858d9d
ğŸ§µ,129525,#a0b4b9,#859ca6
ğŸ”½,128317,#a0b5c8,#859eb9
ğŸª¨,129704,#a1a19e,#878483
â—¾,9726,#a1a1a1,#878487
ğŸª¬,129708,#a1adc4,#8793b4
ğŸ”¼,128316,#a1b6c9,#879fba
ğŸ¹,127929,#a2a2a2,#888589
ğŸšŸ,128671,#a2a69d,#888a82
ğŸ”€,128256,#a2b6c9,#889fba
â©,9193,#a2b7c9,#88a0ba
ğŸ“—,128215,#a2bb7f,#88a65c
ğŸ©±,129649,#a2d0d2,#88c1c5
ğŸ‘¾,128126,#a399ad,#897996
ğŸœ,128028,#a39c9b,#897d80
ğŸ““,128211,#a3a3a3,#89868a
ğŸ“¹,128249,#a3a5a7,#89898f
ğŸ§Ÿ,129503,#a3a8a2,#898d89
â«,9195,#a3b7ca,#89a0bb
ğŸ›»,128763,#a3b8ba,#89a2a7
ğŸ§®,129518,#a46048,#8a2f16
ğŸ“¸,128248,#a49988,#8a7968
ğŸ’¾,128190,#a4a7aa,#8a8b93
ğŸš‰,128649,#a4aaab,#8a8f94
ğŸšŠ,128650,#a4afb0,#8a969a
ğŸ”,128257,#a4b8ca,#8aa2bb
ğŸ“¶,128246,#a4b8cb,#8aa2bd
ğŸ©µ,129653,#a4e0f4,#8ad6f1
â˜¯,9775,#a5a5a5,#8c898c
ğŸ–¨,128424,#a5a7a8,#8c8b90
ğŸ›°,128752,#a5aab7,#8c8fa3
ğŸ”‚,128258,#a5b8ca,#8ca2bb
ğŸ”„,128260,#a5b9cb,#8ca3bd
ğŸ’¼,128188,#a69286,#8d7065
ğŸ¯,127983,#a6a3a6,#8d868e
ğŸ«’,129746,#a6a775,#8d8b4f
ğŸš,128653,#a6aba4,#8d918b
ğŸš»,128699,#a6bacb,#8da4bd
ğŸ€,127808,#a6db83,#8dcf61
ğŸŒ°,127792,#a7735f,#8e4734
ğŸ,128029,#a79d70,#8e7e49
ğŸª™,129689,#a7aaac,#8e8f95
ğŸ³,127859,#a8a59c,#908981
ğŸ”œ,128284,#a8a8a8,#908d90
ğŸ“±,128241,#a8a9a8,#908e90
ğŸª–,129686,#a8afa3,#90968a
ğŸ˜ˆ,128520,#a96fb5,#9142a1
ğŸ§º,129530,#a99b8d,#917c6e
ğŸ’‚,128130,#a9a497,#91887b
ğŸ‘¿,128127,#aa70b6,#9244a2
ğŸ‡,127879,#aa8469,#925e40
ğŸ¤¿,129343,#aa9e90,#928072
ğŸ¦¨,129448,#aaa9a5,#928e8c
ğŸ”™,128281,#aaaaaa,#928f93
ğŸ¢,127970,#aab3b7,#929ba3
ğŸ‘”,128084,#aac0d5,#92acc9
ğŸ’¦,128166,#aadef6,#92d3f3
ğŸŒ„,127748,#ab9090,#936d72
ğŸ¦ƒ,129411,#ab928d,#93706e
ğŸ¦,129421,#abaaaa,#938f93
ğŸ”Š,128266,#abb5b8,#939ea4
ğŸª²,129714,#abbb7d,#93a65a
ğŸ”‹,128267,#abc89c,#93b781
ğŸ¥˜,129368,#ac906c,#956d44
ğŸ¦¬,129452,#aca29d,#958582
ğŸ›º,128762,#acbb8d,#95a66e
ğŸ«,129744,#acbdd8,#95a8cd
ğŸ“Š,128202,#acc1c3,#95adb2
ğŸ‘—,128087,#ace4df,#95dbd6
ğŸª¢,129698,#ad8c9f,#966885
ğŸ»,128059,#ad947d,#96735a
ğŸ¦‡,129415,#ada29b,#968580
ğŸŒ—,127767,#ada47e,#96885b
ğŸ¥¾,129406,#ada59d,#968982
ğŸŒ“,127763,#ada781,#968b5f
â–¶,9654,#adadad,#969396
ğŸ”°,128304,#adc48e,#96b16f
ğŸŒ²,127794,#adc4af,#96b199
ğŸ¸,128056,#adc694,#96b477
ğŸ§¢,129506,#adc9f5,#96b8f2
ğŸ˜,127832,#ae9767,#97773e
ğŸ—,128023,#aea39c,#978681
ğŸ¦Ÿ,129439,#aea49a,#97887e
ğŸƒ,128003,#aeaaaa,#978f93
ğŸ”›,128283,#aeaeae,#979598
ğŸ¥—,129367,#aeb588,#979e68
ğŸ”˜,128280,#afafaf,#999699
ğŸ«‚,129730,#afc3d3,#99b0c7
ğŸ,127823,#afce86,#99be65
ğŸ°,127984,#b0a7a2,#9a8b89
ğŸ¦…,129413,#b0aca9,#9a9291
ğŸ‘£,128099,#b0b0b0,#9a979a
ğŸš†,128646,#b0bdca,#9aa8bb
ğŸ‘•,128085,#b0cce6,#9abcdf
ğŸ”¹,128313,#b0ceea,#9abee4
ğŸ›–,128726,#b1a89c,#9b8d81
ğŸ’½,128189,#b1ac98,#9b927c
ğŸ,127937,#b1b1b1,#9b999c
ğŸ¦,127910,#b1c2d1,#9bafc4
ğŸ‘¥,128101,#b1c6d6,#9bb4ca
ğŸ±,127857,#b28c71,#9c684a
ğŸ§›,129499,#b29e83,#9c8061
ğŸ¦£,129443,#b2a193,#9c8475
ğŸšµ,128693,#b2ab9d,#9c9182
â¬…,11013,#b2b2b2,#9c9a9d
ğŸš“,128659,#b2b8b9,#9ca2a6
ğŸ©,127849,#b39784,#9e7762
ğŸšœ,128668,#b3af87,#9e9666
â¬‡,11015,#b3b3b3,#9e9b9e
ğŸ›,128733,#b3bfdb,#9eabd1
ğŸ¤–,129302,#b3c6c7,#9eb4b7
ğŸ¿,128063,#b4997a,#9f7956
ğŸ¨,128040,#b4a9a6,#9f8e8e
ğŸ§,128039,#b4ada4,#9f938b
ğŸš ,128672,#b4b2b4,#9f9a9f
ğŸšŒ,128652,#b4b393,#9f9b75
ğŸ”,128271,#b4b5ac,#9f9e95
ğŸ—‘,128465,#b4b9bd,#9fa3ab
ğŸš,128656,#b4bdbc,#9fa8aa
ğŸ–¼,128444,#b4c071,#9fac4a
ğŸ¾,127998,#b59782,#a07760
ğŸ”Œ,128268,#b5b4b1,#a09c9c
ğŸª¦,129702,#b5b5b3,#a09e9e
ğŸ‘½,128125,#b5bebf,#a0aaad
ğŸ‘–,128086,#b5bed7,#a0aacc
ğŸª,127978,#b5c2bd,#a0afab
ğŸ›£,128739,#b5c3ab,#a0b094
ğŸ¤¢,129314,#b5c766,#a0b53c
ğŸš¿,128703,#b5cdcf,#a0bdc2
ğŸ¥’,129362,#b5d09d,#a0c182
ğŸ§©,129513,#b5d4a9,#a0c691
ğŸ©²,129650,#b5d6b4,#a0c99f
ğŸ¬,128044,#b5dde7,#a0d2e0
ğŸ›,128720,#b671c9,#a145ba
ğŸ¤,129294,#b6967f,#a1755c
ğŸªµ,129717,#b6a395,#a18678
ğŸ¦«,129451,#b6a495,#a18878
ğŸ­,127917,#b6a7a2,#a18b89
ğŸ¦¦,129446,#b6aca2,#a19289
ğŸš´,128692,#b6b1a5,#a1998c
â¬†,11014,#b6b6b6,#a19fa2
ğŸ›¤,128740,#b6b7a3,#a1a08a
ğŸ“š,128218,#b6b7a7,#a1a08f
ğŸª®,129710,#b6b7b7,#a1a0a3
ğŸ’º,128186,#b6bbc9,#a1a6ba
ğŸš,128670,#b6bda5,#a1a88c
ğŸ§Š,129482,#b6d5e8,#a1c8e1
ğŸŒ¿,127807,#b6d69f,#a1c985
ğŸ¥Œ,129356,#b79798,#a3777c
ğŸš–,128662,#b7af95,#a39678
â™¥,9829,#b7b7b7,#a3a0a3
ğŸ› ,128736,#b7b8ba,#a3a2a7
ğŸ’¤,128164,#b7cbea,#a3bbe4
ğŸ§¼,129532,#b7e6d2,#a3dec5
ğŸ˜,127960,#b8a69f,#a48a85
â—¼,9724,#b8b8b8,#a4a2a4
ğŸ”‰,128265,#b8bdbf,#a4a8ad
ğŸšº,128698,#b977cc,#a54dbe
ğŸ‘¹,128121,#b9796f,#a54f48
ğŸ´,127924,#b9a19e,#a58483
ğŸ©¶,129654,#b9b9b9,#a5a3a6
ğŸ“‚,128194,#b9c0c6,#a5acb6
ğŸ›¼,128764,#b9cfd0,#a5c0c3
ğŸ¦•,129429,#b9d1d8,#a5c2cd
ğŸ’ ,128160,#b9daed,#a5cee8
â™ˆ,9800,#ba78cc,#a74ebe
â™‰,9801,#ba79cc,#a74fbe
ğŸ“µ,128245,#ba897f,#a7645c
ğŸš¥,128677,#bab7ae,#a7a098
ğŸª»,129723,#bab9ce,#a7a3c0
ğŸº,128058,#bababa,#a7a4a7
ğŸ”ˆ,128264,#babbbd,#a7a6ab
ğŸš,127898,#babcbd,#a7a7ab
ğŸŒ,127760,#badfec,#a7d5e6
â™“,9811,#bb7acd,#a851bf
â™‹,9803,#bb7ccd,#a853bf
ğŸ§±,129521,#bb8777,#a86252
ğŸ,128030,#bba094,#a88277
ğŸ§•,129493,#bbadaf,#a89399
ğŸ“»,128251,#bbb097,#a8977b
ğŸ¦“,129427,#bbb9b7,#a8a3a3
ğŸ—¿,128511,#bbbbb6,#a8a6a2
â­,9197,#bbbbbb,#a8a6a8
ğŸ,127949,#bbbdbd,#a8a8ab
ğŸ“,128193,#bbc1c6,#a8adb6
ğŸ—£,128483,#bbcad8,#a8b9cd
ğŸŒµ,127797,#bbd5a8,#a8c890
ğŸ’,128142,#bbe0fa,#a8d6f8
â™,9807,#bc7dcd,#a955bf
ğŸ”¯,128303,#bc7ecd,#a956bf
ğŸª—,129687,#bc9a9f,#a97a85
ğŸ¥,127973,#bcb2b1,#a99a9c
ğŸŒ½,127805,#bcba6e,#a9a447
ğŸ“‡,128199,#bcbab5,#a9a4a1
ğŸ—³,128499,#bcd6da,#a9c9d0
ğŸ§ƒ,129475,#bcd8c4,#a9ccb4
ğŸŸ£,128995,#bd66f4,#aa36f1
â™Š,9802,#bd7ece,#aa56c0
â™Œ,9804,#bd7fce,#aa57c0
â™,9806,#bd80ce,#aa58c0
ğŸš³,128691,#bd887b,#aa6357
ğŸ¦§,129447,#bd8d76,#aa6951
ğŸ“†,128198,#bda7a7,#aa8b8f
ğŸ§¬,129516,#bdbadf,#aaa4d6
ğŸ›’,128722,#bdbbbc,#aaa6aa
â,9167,#bdbdbd,#aaa8ab
ğŸµ,127925,#bdbec0,#aaaaaf
ğŸª©,129705,#bdbfc1,#aaabb0
ğŸš‹,128651,#bdc1ba,#aaada7
ğŸ‘¤,128100,#bdcedc,#aabed2
ğŸš˜,128664,#be9092,#ac6d74
ğŸ“¦,128230,#bea389,#ac8669
ğŸ,127886,#beb0b5,#ac97a1
ğŸµ,127861,#bebfb4,#acab9f
ğŸ˜,128024,#bebfbd,#acabab
ğŸ¦,128038,#becacb,#acb9bd
ğŸ¦–,129430,#becda3,#acbd8a
ğŸŸ,128031,#becedd,#acbed3
ğŸŒ´,127796,#bed0a7,#acc18f
ğŸ¿,127935,#bed0c7,#acc1b7
ğŸ©´,129652,#bed8d6,#acccca
â™,9805,#bf83cf,#ad5cc2
ğŸ•,128334,#bf85cf,#ad5fc2
ğŸ¦¹,129465,#bf9f78,#ad8153
ğŸ¥™,129369,#bfb595,#ad9e78
ğŸ‘,128065,#bfb5ae,#ad9e98
â›°,9968,#bfbfbf,#adabad
ğŸ™,127897,#bfc1c4,#adadb4
ğŸ¦,127974,#bfc2ad,#adaf96
ğŸª,129665,#bfc6e0,#adb4d7
ğŸ’§,128167,#bfe6f8,#addef6
ğŸš‚,128642,#c0a7a1,#ae8b87
ğŸ•¹,128377,#c0abad,#ae9196
ğŸ¦ª,129450,#c0b8ad,#aea296
ğŸ³,127923,#c0bbb9,#aea6a6
ğŸš¦,128678,#c0bdb4,#aea89f
â¹,9209,#c0c0c0,#aeacaf
ğŸ²,128050,#c0c781,#aeb55f
ğŸ›‹,128715,#c0d2e5,#aec4de
â›,9934,#c187d1,#af62c4
ğŸ›¢,128738,#c19696,#af7579
ğŸ•°,128368,#c1aea0,#af9586
ğŸš§,128679,#c1b281,#af9a5f
ğŸ§—,129495,#c1b4a4,#af9c8b
ğŸ•µ,128373,#c1b69a,#af9f7e
ğŸ€,128000,#c1bdb8,#afa8a4
â¯,9199,#c1c1c1,#afadb0
ğŸ“¥,128229,#c1c8db,#afb7d1
ğŸ“¤,128228,#c1c9dc,#afb8d2
ğŸ›¶,128758,#c1cab6,#afb9a2
ğŸš­,128685,#c28e81,#b16b5f
ğŸ”‡,128263,#c2a5a6,#b1898e
ğŸŸ,127967,#c2ada3,#b1938a
ğŸ§™,129497,#c2bca2,#b1a789
ğŸ‘®,128110,#c2bea6,#b1aa8e
ğŸ,128014,#c2c0b4,#b1ac9f
âœ’,10002,#c2c2c2,#b1afb1
ğŸ¡,127969,#c2c3a6,#b1b08e
ğŸ¢,128034,#c2cfb7,#b1c0a3
ğŸ”«,128299,#c2edb6,#b1e7a2
ğŸš·,128695,#c38b7d,#b2675a
ğŸ¥­,129389,#c3b074,#b2974e
ğŸ§‰,129481,#c3b2aa,#b29a93
ğŸ¤,127972,#c3b6a4,#b29f8b
ğŸ‚,127938,#c3bdbb,#b2a8a8
ğŸ›,127963,#c3beaf,#b2aa99
ğŸ’´,128180,#c3c2b7,#b2afa3
ğŸ¤,127908,#c3c4c4,#b2b1b4
ğŸ¥,129373,#c3c686,#b2b465
ğŸš±,128689,#c48d80,#b3695d
ğŸ«˜,129752,#c4a09e,#b38283
ğŸ‰,127881,#c4a99c,#b38e81
ğŸª¹,129721,#c4b0a2,#b39789
ğŸ¥€,129344,#c4b1a7,#b3998f
ğŸ§†,129478,#c4bbad,#b3a696
ğŸ™,127833,#c4c3bc,#b3b0aa
ğŸ¦,129423,#c4c3c1,#b3b0b0
â›ˆ,9928,#c4c4c4,#b3b1b4
â˜”,9748,#c4c6ef,#b3b4ea
ğŸ‰,128009,#c4d1aa,#b3c293
ğŸ„,127876,#c4d2bc,#b3c4aa
ğŸ“•,128213,#c57b79,#b55255
ğŸ’Ÿ,128159,#c590d4,#b56dc8
ğŸš¯,128687,#c59287,#b57066
ğŸª¯,129711,#c594d0,#b573c3
ğŸšª,128682,#c5a796,#b58b79
ğŸ“…,128197,#c5abaa,#b59193
ğŸ“œ,128220,#c5ac92,#b59274
ğŸ’,128144,#c5b188,#b59968
ğŸ,127902,#c5b7a0,#b5a086
ğŸ¥¥,129381,#c5b7a5,#b5a08c
ğŸ¦”,129428,#c5b8ac,#b5a295
ğŸªº,129722,#c5beb3,#b5aa9e
ğŸ˜°,128560,#c5c1a7,#b5ad8f
â˜‚,9730,#c5c5c5,#b5b3b5
ğŸ¦ˆ,129416,#c5cdce,#b5bdc0
ğŸ’¶,128182,#c5d5c9,#b5c8ba
ğŸ‡,127815,#c68ba0,#b66786
ğŸ‘,128094,#c6aba2,#b69189
ğŸ†,127814,#c6b6c1,#b69fb0
ğŸ˜¹,128569,#c6c096,#b6ac79
ğŸª´,129716,#c6c5a3,#b6b38a
ğŸ›¹,128761,#c6c6bb,#b6b4a8
â¡,10145,#c6c6c6,#b6b4b6
ğŸ¶,127926,#c6c8ca,#b6b7bb
ğŸš²,128690,#c6cbd1,#b6bbc4
ğŸšƒ,128643,#c6ccad,#b6bc96
ğŸ“–,128214,#c6cfd6,#b6c0ca
ğŸ°,127920,#c7b2ab,#b79a94
ğŸ«,129742,#c7b3a7,#b79b8f
ğŸ¦‰,129417,#c7bab0,#b7a49a
ğŸš‘,128657,#c7bbbf,#b7a6ad
ğŸš•,128661,#c7c099,#b7ac7d
ğŸ«,129743,#c7c6c5,#b7b4b5
ğŸ²,127922,#c7c6c6,#b7b4b6
ğŸ•·,128375,#c7c6c7,#b7b4b7
âœ”,10004,#c7c7c7,#b7b5b7
ğŸ—œ,128476,#c7cccf,#b7bcc2
ğŸ¥£,129379,#c7d7eb,#b7cae5
ğŸŸª,129002,#c85dff,#b82bff
ğŸ”®,128302,#c89fc7,#b881b7
ğŸ­,127981,#c8ad9f,#b89385
ğŸŒ,128012,#c8b29c,#b89a81
ğŸª°,129712,#c8b29e,#b89a83
ğŸ™†,128582,#c8b890,#b8a272
ğŸ´,128052,#c8bfac,#b8ab95
ğŸ›Œ,128716,#c8c0bf,#b8acad
ğŸ‹,127947,#c8c1ad,#b8ad96
ğŸ¦,129437,#c8c4bd,#b8b1ab
â™¨,9832,#c8c8c8,#b8b7b9
ğŸ©º,129658,#c8c8c9,#b8b7ba
ğŸ”¦,128294,#c8caca,#b8b9bb
ğŸŒª,127786,#c8cad1,#b8b9c4
ğŸ£,127907,#c8d0d8,#b8c1cd
ğŸ‘’,128082,#c8d1a6,#b8c28e
ğŸš’,128658,#c97c7c,#ba5358
ğŸ§¶,129526,#c9805a,#ba582d
ğŸ”,128286,#c99588,#ba7468
ğŸŒ†,127750,#c99873,#ba784d
ğŸ¦¡,129441,#c9c7c4,#bab5b4
âš°,9904,#c9c9c9,#bab8ba
ğŸ¦º,129466,#ca946d,#bb7345
ğŸ›,128718,#cab88b,#bba26b
ğŸš,127962,#cab9a5,#bba38c
ğŸ¦—,129431,#cac0b5,#bbaca1
ğŸ‡,127943,#cac3be,#bbb0ac
ğŸ§,129502,#cac6d5,#bbb4c9
ğŸ¦†,129414,#cac8c3,#bbb7b2
ğŸ¦›,129435,#cacac9,#bbb9ba
â˜¹,9785,#cacaca,#bbb9bb
ğŸš…,128645,#caced1,#bbbec4
ğŸ½,127997,#cbaf9a,#bc967e
ğŸ ,127968,#cbb8ab,#bca294
ğŸ“£,128227,#cbbb8e,#bca66f
ğŸ•,127957,#cbbda7,#bca88f
ğŸª,129680,#cbc5ac,#bcb395
â˜•,9749,#cbc8c3,#bcb7b2
â™¦,9830,#cbcbcb,#bcbbbd
ğŸ§·,129527,#cbcfd3,#bcc0c7
ğŸ«›,129755,#cbd6c0,#bcc9af
ğŸ ,128032,#cbddbe,#bcd2ac
ğŸ§ª,129514,#cbe4d0,#bcdbc3
ğŸ¥”,129364,#ccaf8c,#bd966d
ğŸ¡,127905,#ccb0b6,#bd97a2
ğŸ•,128333,#ccb59a,#bd9e7e
ğŸš€,128640,#ccb5ae,#bd9e98
ğŸ˜¨,128552,#ccbf9d,#bdab82
ğŸŒ‚,127746,#ccc2d9,#bdafce
ğŸª¶,129718,#ccc6be,#bdb4ac
ğŸ’³,128179,#ccc9b4,#bdb89f
ğŸ„,128004,#ccc9c7,#bdb8b7
â˜€,9728,#cccccc,#bdbcbe
ğŸ¥½,129405,#cccece,#bdbec0
ğŸ“¡,128225,#ccced0,#bdbec3
ğŸ½,127869,#ccced1,#bdbec4
â›„,9924,#cccfd0,#bdc0c3
ğŸš„,128644,#ccd1d4,#bdc2c8
ğŸŒŠ,127754,#ccdde6,#bdd2df
ğŸˆ,127944,#cd9a81,#bf7a5f
ğŸ«•,129749,#cda9a4,#bf8e8b
ğŸ¤ ,129312,#cdb481,#bf9c5f
ğŸ””,128276,#cdbc8b,#bfa76b
ğŸ’·,128183,#cdbfc1,#bfabb0
ğŸªŸ,129695,#cdc1be,#bfadac
ğŸ‹,127883,#cdc8ab,#bfb794
ğŸ“ ,128224,#cdcac5,#bfb9b5
â•,10133,#cdcdcd,#bfbdbf
ğŸ¦œ,129436,#cdd0ab,#bfc194
ğŸ“¨,128232,#cdd3d9,#bfc5ce
ğŸ“‰,128201,#cdd9e7,#bfcde0
ğŸ‘œ,128092,#ceb4a3,#c09c8a
ğŸ™‰,128585,#ceb89b,#c0a280
ğŸ’,128018,#cebba3,#c0a68a
ğŸ,127887,#cec0b3,#c0ac9e
ğŸª‡,129671,#cec2a6,#c0af8e
ğŸ§œ,129500,#cec3ba,#c0b0a7
ğŸ¤®,129326,#cec973,#c0b84d
ğŸ§­,129517,#cecbce,#c0bbc0
Â®,174,#cecece,#c0bec0
ğŸŒ,127745,#ced6de,#c0c9d5
ğŸ¥®,129390,#cf8c5a,#c1682d
â›½,9981,#cf9497,#c1737b
ğŸ‘…,128069,#cf9ca5,#c17d8c
ğŸ¥œ,129372,#cfb388,#c19b68
ğŸ¥¸,129400,#cfb476,#c19c51
ğŸ‘¬,128108,#cfba9f,#c1a485
ğŸ›Ÿ,128735,#cfbab1,#c1a49c
ğŸ’©,128169,#cfbdb1,#c1a89c
ğŸ¤¹,129337,#cfc7ac,#c1b595
ğŸ­,128045,#cfc9ce,#c1b8c0
ğŸ—,128478,#cfcece,#c1bec0
ğŸ,127824,#cfd094,#c1c177
ğŸ“¢,128226,#cfd0d1,#c1c1c4
ğŸ‘“,128083,#cfd3d1,#c1c5c4
ğŸ›©,128745,#cfd3d7,#c1c5cc
ğŸ”•,128277,#d0a47e,#c3885b
ğŸ’ƒ,128131,#d0a995,#c38e78
ğŸµ,128053,#d0ba9f,#c3a485
ğŸ»,127931,#d0bdad,#c3a896
ğŸ˜±,128561,#d0c1a5,#c3ad8c
ğŸ‘»,128123,#d0cbce,#c3bbc0
ğŸš¡,128673,#d0cebe,#c3beac
ğŸ­,127853,#d0cec1,#c3beb0
ğŸ¦½,129469,#d0d0d0,#c3c1c3
ğŸ,128013,#d0d7b8,#c3caa4
ğŸ‹,128011,#d0dfe5,#c3d5de
ğŸ’œ,128156,#d190f7,#c46df4
ğŸ™,128025,#d1919b,#c46f80
ğŸšš,128666,#d1a47c,#c48858
ğŸª,127850,#d1b18b,#c4996b
ğŸ§¯,129519,#d1b8b7,#c4a2a3
ğŸ‚,128002,#d1beb1,#c4aa9c
ğŸ›,128719,#d1c8c7,#c4b7b7
ğŸ¥‘,129361,#d1cb9a,#c4bb7e
ğŸ›,128027,#d1d0b1,#c4c19c
â˜¸,9784,#d1d1d1,#c4c2c4
ğŸ–Š,128394,#d1d2d4,#c4c4c8
ğŸ¢,127906,#d1d4ba,#c4c6a7
ğŸ›¸,128760,#d1d8d9,#c4ccce
ğŸƒ,127811,#d1dfbf,#c4d5ad
ğŸ§š,129498,#d1e4c8,#c4dbb9
ğŸ§°,129520,#d28886,#c56365
ğŸ¥ƒ,129347,#d2b89d,#c5a282
ğŸŒˆ,127752,#d2b8a6,#c5a28e
ğŸ§¸,129528,#d2b996,#c5a379
ğŸº,127994,#d2baab,#c5a494
ğŸ’¸,128184,#d2cfbf,#c5c0ad
ğŸª…,129669,#d2d0c3,#c5c1b2
â¸,9208,#d2d2d2,#c5c4c5
ğŸ”©,128297,#d2d3d6,#c5c5ca
ğŸ”¬,128300,#d2d6d8,#c5c9cd
â›²,9970,#d2dedf,#c5d3d6
ğŸ‘º,128122,#d3958f,#c67470
ğŸ¤¬,129324,#d3a178,#c68453
ğŸ’,127826,#d3a9a0,#c68e86
ğŸ›·,128759,#d3a9a8,#c68e90
ğŸª”,129684,#d3afa4,#c6968b
ğŸª¤,129700,#d3ba9c,#c6a481
ğŸŒ¯,127791,#d3ccc3,#c6bcb2
ğŸª·,129719,#d3cec0,#c6beaf
Â©,169,#d3d3d3,#c6c5c7
ğŸ²,127858,#d3d4cb,#c6c6bd
ğŸ–Œ,128396,#d3d4e0,#c6c6d7
ğŸ«ƒ,129731,#d3d6d1,#c6c9c4
ğŸ¦,129422,#d3e2cf,#c6d9c2
ğŸª­,129709,#d48991,#c86473
ğŸ,127873,#d48b5d,#c86731
ğŸš¢,128674,#d4bfbb,#c8aba8
ğŸ˜‡,128519,#d4c187,#c8ad66
ğŸ‘¯,128111,#d4c29a,#c8af7e
ğŸŒ‹,127755,#d4c5b9,#c8b3a6
ğŸŒ”,127764,#d4c77b,#c8b557
ğŸš,128026,#d4cdcd,#c8bdbf
ğŸ¦¼,129468,#d4d0d0,#c8c1c3
ğŸ,128015,#d4d1ca,#c8c2bb
âœ‚,9986,#d4d4d4,#c8c6c8
ğŸ”¨,128296,#d4d4d5,#c8c6c9
ğŸ’¨,128168,#d4dfeb,#c8d5e5
ğŸ§¨,129512,#d5857e,#c95f5b
ğŸ‘ ,128096,#d5a8a3,#c98d8a
ğŸ“™,128217,#d5a968,#c98e3f
ğŸ¦‚,129410,#d5bda1,#c9a887
ğŸ‘ª,128106,#d5be87,#c9aa66
ğŸ“¿,128255,#d5c1c2,#c9adb1
ğŸ•º,128378,#d5c3cc,#c9b0be
ğŸ¯,128047,#d5c783,#c9b561
ğŸ ,127904,#d5ccc2,#c9bcb1
ğŸ,128016,#d5cdc4,#c9bdb4
ğŸ’µ,128181,#d5cfb5,#c9c0a1
ğŸ§»,129531,#d5d3cd,#c9c5bf
â˜˜,9752,#d5d5d5,#c9c8c9
ğŸ–‹,128395,#d5d6d7,#c9c9cc
ğŸ”—,128279,#d5d6d9,#c9c9ce
ğŸ›¥,128741,#d5dcdf,#c9d1d6
ğŸ›¬,128748,#d5dde7,#c9d2e0
ğŸ¾,127934,#d5e370,#c9da49
ğŸŒ¹,127801,#d68d89,#ca6969
ğŸ€,127936,#d6966f,#ca7548
ğŸ¦‘,129425,#d69a8f,#ca7a70
ğŸ“,127827,#d69c91,#ca7d73
ğŸš—,128663,#d6a09f,#ca8285
ğŸŒ…,127749,#d6aa86,#ca8f65
ğŸ¨,127976,#d6b9a9,#caa391
ğŸ˜,128526,#d6ba79,#caa455
ğŸ§«,129515,#d6becb,#caaabd
ğŸ™ˆ,128584,#d6c0a8,#caac90
ğŸ™Š,128586,#d6c1a8,#caad90
ğŸ˜¿,128575,#d6c68f,#cab470
ğŸ¤±,129329,#d6c8ab,#cab794
ğŸ”,128272,#d6c99e,#cab883
ğŸ‹,127819,#d6ca80,#cab95d
ğŸ§¦,129510,#d6cec4,#cabeb4
ğŸ›³,128755,#d6cfd1,#cac0c4
ğŸªª,129706,#d6d2ca,#cac4bb
ğŸ¦­,129453,#d6d5d4,#cac8c8
âš“,9875,#d6d6d8,#cac9cd
ğŸ¥¿,129407,#d6dce4,#cad1dc
ğŸ”,127828,#d7a976,#cc8e51
ğŸ©,127977,#d7adbe,#cc93ac
ğŸª‚,129666,#d7b7a4,#cca08b
ğŸ¥‰,129353,#d7b9aa,#cca393
ğŸ¥ ,129376,#d7bf98,#ccab7c
ğŸ‘«,128107,#d7bf9c,#ccab81
ğŸ˜¸,128568,#d7c087,#ccac66
ğŸ¨,127912,#d7c097,#ccac7b
ğŸ•,128021,#d7c1ab,#ccad94
ğŸ€„,126980,#d7c2b5,#ccafa1
ğŸ™‡,128583,#d7c7a1,#ccb587
ğŸŒ–,127766,#d7c876,#ccb751
ğŸ£,127971,#d7c8ba,#ccb7a7
ğŸ›µ,128757,#d7caab,#ccb994
â³,9203,#d7d0ca,#ccc1bb
ğŸ—,128477,#d7d6d6,#ccc9ca
â‰,8265,#d7d7d7,#cccacc
ğŸ«–,129750,#d7dadd,#ccced3
ğŸ”,127956,#d7dbd6,#cccfca
ğŸ…,127813,#d88a6c,#cd6644
ğŸ˜º,128570,#d8c189,#cdad69
ğŸŒ»,127803,#d8c272,#cdaf4c
ğŸª˜,129688,#d8cabb,#cdb9a8
ğŸ’ˆ,128136,#d8cadc,#cdb9d2
ğŸš,128655,#d8d6d9,#cdc9ce
â±,9201,#d8d8d8,#cdcccd
ğŸ”,128269,#d8d9db,#cdcdd1
ğŸ’€,128128,#d8dadb,#cdced1
ğŸ›´,128756,#d8dadc,#cdced2
ğŸ–‡,128391,#d8dadd,#cdced3
ğŸ,127965,#d8dfc0,#cdd5af
ğŸŒº,127802,#d97581,#ce4a5f
ğŸ¦€,129408,#d9927f,#ce705c
ğŸ¦Š,129418,#d9a16d,#ce8445
ğŸ¦,129409,#d9ab66,#ce913c
ğŸ¤¼,129340,#d9bf92,#ceab74
ğŸ˜¾,128574,#d9c184,#cead62
ğŸ™€,128576,#d9c38c,#ceb06d
ğŸŒ®,127790,#d9c58d,#ceb36e
ğŸª‘,129681,#d9c5bb,#ceb3a8
ğŸ¦¤,129444,#d9c6b5,#ceb4a1
ğŸš¸,128696,#d9c87f,#ceb75c
ğŸ¶,128054,#d9cab7,#ceb9a3
ğŸ’°,128176,#d9cbae,#cebb98
ğŸ‘‘,128081,#d9cc95,#cebc78
âš¾,9918,#d9ceca,#cebebb
ğŸ“€,128192,#d9d0b1,#cec19c
ğŸ¥¡,129377,#d9d5d6,#cec8ca
ğŸš¬,128684,#d9d7d5,#cecac9
ğŸ‘,128017,#d9d8d2,#ceccc5
ğŸš,127834,#d9d8d5,#ceccc9
ğŸ“ƒ,128195,#d9d8d8,#cecccd
ğŸ’¿,128191,#d9d9d7,#cecdcc
âœ,9999,#d9d9d9,#cecdce
ğŸ”§,128295,#d9d9db,#cecdd1
ğŸ“‘,128209,#d9dadc,#ceced2
ğŸŒ±,127793,#d9ecc4,#cee6b4
ğŸ¥Š,129354,#daa0a1,#cf8287
ğŸ ,127840,#daa9a6,#cf8e8e
ğŸ,127809,#daac94,#cf9277
ğŸ‘„,128068,#daaeb8,#cf95a4
ğŸ‰,127945,#dab37d,#cf9b5a
ğŸ,127838,#dabd93,#cfa875
ğŸ¯,127919,#dabfbf,#cfabad
ğŸ—“,128467,#dacece,#cfbec0
ğŸ«,127979,#dad1c1,#cfc2b0
âŒ›,8987,#dad3ce,#cfc5c0
ğŸ,127821,#dad4b7,#cfc6a3
ğŸ“‹,128203,#dad5ce,#cfc8c0
â›ª,9962,#dad5d7,#cfc8cc
ğŸ‘€,128064,#dad6d1,#cfc9c4
ğŸ”’,128274,#dad9c6,#cfcdb6
ğŸ‘Ÿ,128095,#dad9d8,#cfcdcd
âŒ¨,9000,#dadada,#cfced0
ğŸ¥,129357,#dadde0,#cfd2d7
ğŸ—»,128507,#dadde1,#cfd2d8
ğŸŒ‡,127751,#dba373,#d1864d
ğŸ®,127982,#dba38e,#d1866f
ğŸ–,127830,#dbb5a5,#d19e8c
ğŸ‘²,128114,#dbc190,#d1ad72
ğŸ¦„,129412,#dbc1e4,#d1addc
ğŸ˜¼,128572,#dbc385,#d1b064
ğŸ¡,128033,#dbc39a,#d1b07e
ğŸº,127866,#dbc4a9,#d1b191
ğŸª³,129715,#dbc5c2,#d1b3b1
ğŸš,128641,#dbc6c7,#d1b4b7
ğŸ§„,129476,#dbc9bf,#d1b8ad
ğŸ˜­,128557,#dbca90,#d1b972
ğŸ“ˆ,128200,#dbd3d9,#d1c5ce
ğŸ¥ˆ,129352,#dbd7da,#d1cad0
ğŸ”“,128275,#dbdac9,#d1ceba
ğŸ‡²,127474,#dbdbdb,#d1cfd1
ğŸˆ,127816,#dbdcbb,#d1d1a8
ğŸš°,128688,#dbe0e3,#d1d6db
ğŸ“§,128231,#dbe0e5,#d1d6de
ğŸ›«,128747,#dbe2eb,#d1d9e5
ğŸ—½,128509,#dbe9e7,#d1e2e0
ğŸ¦,129438,#dc988a,#d2786a
ğŸ˜»,128571,#dcb581,#d29e5f
â°,9200,#dcb7b8,#d2a0a4
ğŸª¸,129720,#dcc0b3,#d2ac9e
ğŸ†,127942,#dcc18c,#d2ad6d
ğŸ˜‚,128514,#dcca8a,#d2b96a
ğŸ¦Œ,129420,#dcd0c4,#d2c1b4
ğŸ¤·,129335,#dcd1b5,#d2c2a1
ğŸ¤º,129338,#dcdad7,#d2cecc
ğŸ«§,129767,#dcdbdd,#d2cfd3
â²,9202,#dcdcdc,#d2d1d2
ğŸŸ¥,128997,#dd5143,#d31b10
ğŸ”´,128308,#dd5d5c,#d32b30
ğŸ§…,129477,#ddb493,#d39c75
ğŸ’’,128146,#ddbccd,#d3a7bf
ğŸ‚,127810,#ddbd9d,#d3a882
ğŸ«,128043,#ddc8b8,#d3b7a4
ğŸ›¡,128737,#ddcac7,#d3b9b7
ğŸª†,129670,#ddcbb1,#d3bb9c
ğŸº,127930,#ddd5b6,#d3c8a2
ğŸ¾,127870,#ddddcf,#d3d2c2
â†”,8596,#dddddd,#d3d2d3
ğŸ•,128336,#dddedf,#d3d3d6
ğŸ´,127860,#dddfe2,#d3d5da
ğŸ“,128206,#dde1e5,#d3d7de
ğŸ“,128208,#dde3ea,#d3dae4
ğŸ,127822,#de8981,#d4645f
ğŸ¥“,129363,#dea895,#d48d78
ğŸ¥¨,129384,#deb195,#d49978
ğŸ¥,129360,#deb271,#d49a4a
ğŸ½,128061,#deb5be,#d49eac
ğŸ¤¡,129313,#deb6a9,#d49f91
ğŸ‘­,128109,#dec299,#d4af7d
âœ,9997,#dec593,#d4b375
ğŸ¼,127996,#dec7b2,#d4b59d
ğŸ—,127831,#decabb,#d4b9a8
ğŸª“,129683,#decac5,#d4b9b5
ğŸ‘°,128112,#decb9c,#d4bb81
ğŸ…,128005,#deccbc,#d4bcaa
ğŸ®,128046,#ded6cf,#d4c9c2
ğŸ°,128048,#ded8d8,#d4cccd
ğŸ«,127915,#dedaa8,#d4ce90
ğŸ¥‹,129355,#dedcdc,#d4d1d2
ğŸ¥,129358,#dede69,#d4d340
â€¼,8252,#dedede,#d4d3d5
ğŸ³,127987,#dedfdf,#d4d5d6
ğŸ•›,128347,#dedfe0,#d4d5d7
ğŸ—’,128466,#dee1e3,#d4d7db
ğŸ¥³,129395,#dfba77,#d6a452
ğŸ¦¸,129464,#dfc09d,#d6ac82
ğŸ˜½,128573,#dfc285,#d6af64
ğŸª,128042,#dfcdbc,#d6bdaa
ğŸ‘,128093,#dfcfbe,#d6c0ac
ğŸ¦®,129454,#dfd1b9,#d6c2a6
ğŸªœ,129692,#dfd3c7,#d6c5b7
ğŸ«“,129747,#dfd8cc,#d6ccbe
ğŸƒ,127183,#dfdbd6,#d6cfca
ğŸ§‚,129474,#dfdfde,#d6d5d5
#,35,#dfdfdf,#d6d5d6
ğŸ“,128207,#dfe5ec,#d6dde6
ğŸª¡,129697,#dfe9ef,#d6e2ea
ğŸŒ§,127783,#dfe9f1,#d6e2ed
ğŸ’,127890,#e09592,#d77474
ğŸ¤°,129328,#e0c6be,#d7b4ac
ğŸ·,127863,#e0c8c8,#d7b7b9
ğŸ˜…,128517,#e0c988,#d7b868
ğŸ‘³,128115,#e0d0a9,#d7c191
ğŸ†,128006,#e0d2bf,#d7c4ad
ğŸ§,127847,#e0d4d5,#d7c6c9
ğŸ¨,127848,#e0d7c9,#d7caba
ğŸª,129693,#e0d8c7,#d7ccb7
â˜º,9786,#e0e0e0,#d7d6d7
ğŸŒ«,127787,#e0e0e4,#d7d6dc
ğŸ•Š,128330,#e0e1db,#d7d7d1
ğŸ¥„,129348,#e0e2e3,#d7d9db
ğŸ’,128141,#e0e4e7,#d7dbe0
ğŸŒ¨,127784,#e0eaf2,#d7e3ee
ğŸª›,129691,#e0eddd,#d7e7d3
ğŸ’‹,128139,#e19595,#d87478
ğŸ¥©,129385,#e1a49f,#d88885
ğŸ’˜,128152,#e1a9d3,#d88ec7
ğŸ«,127851,#e1afac,#d89695
ğŸš©,128681,#e1b8b8,#d8a2a4
ğŸŒ·,127799,#e1beb8,#d8aaa4
ğŸ•Œ,128332,#e1c3aa,#d8b093
ğŸ§,129487,#e1ca92,#d8b974
ğŸ“’,128210,#e1d070,#d8c149
ğŸ™…,128581,#e1d0a8,#d8c190
ğŸˆ,128008,#e1d3c7,#d8c5b7
ğŸ¢,127842,#e1d4c7,#d8c6b7
ğŸ,128001,#e1dede,#d8d3d5
ğŸ•´,128372,#e1dfdc,#d8d5d2
ğŸ,127885,#e1e1cc,#d8d7be
â†–,8598,#e1e1e1,#d8d7d8
ğŸ›,128705,#e1e4e6,#d8dbdf
ğŸ§§,129511,#e28480,#da5e5d
ğŸƒ,127875,#e2b160,#da9935
ğŸ¥«,129387,#e2beb8,#daaaa4
ğŸœ,127964,#e2c29d,#daaf82
ğŸ¤“,129299,#e2c47b,#dab157
ğŸ¥¹,129401,#e2c583,#dab361
ğŸ«š,129754,#e2c7aa,#dab593
ğŸ§¥,129509,#e2cba2,#dabb89
ğŸ“”,128212,#e2cca0,#dabc86
ğŸ¹,127865,#e2d5c2,#dac8b1
ğŸ¥•,129365,#e2d6bc,#dac9aa
ğŸª’,129682,#e2d6d1,#dac9c4
ğŸ·,127927,#e2d7b6,#dacaa2
ğŸ¹,127993,#e2ddda,#dad2d0
ğŸ‘,127953,#e2ded4,#dad3c8
â›³,9971,#e2dfc2,#dad5b1
ğŸ¤³,129331,#e2dfd8,#dad5cd
â˜ƒ,9731,#e2e2e2,#dad9da
ğŸŠ,127946,#e2e4dc,#dadbd2
ğŸ¤©,129321,#e3c383,#dbb061
ğŸ¹,128057,#e3c3b8,#dbb0a4
ğŸ…,127877,#e3c899,#dbb77d
ğŸ—¼,128508,#e3c9c7,#dbb8b7
ğŸ¤£,129315,#e3cb87,#dbbb66
ğŸ˜“,128531,#e3cf8b,#dbc06b
ğŸ§,129473,#e3d6ba,#dbc9a7
ğŸ¥,127845,#e3dbd7,#dbcfcc
ğŸ“,128221,#e3dccd,#dbd1bf
ğŸŒ,127948,#e3dfd4,#dbd5c8
ğŸª•,129685,#e3e0d8,#dbd6cd
ğŸ‡¦,127462,#e3e3e3,#dbdadb
ğŸ©¸,129656,#e4a4a4,#dc888b
â›µ,9973,#e4c4b0,#dcb19a
ğŸ˜´,128564,#e4c67c,#dcb458
ğŸ¥²,129394,#e4ce86,#dcbe65
ğŸ™‹,128587,#e4cf9c,#dcc081
ğŸ‚,127874,#e4dad1,#dccec4
ğŸ¸,127992,#e4ddcd,#dcd2bf
ğŸ¦¢,129442,#e4e2d9,#dcd9ce
ğŸ‡¿,127487,#e4e4e4,#dcdbdc
ğŸ©¼,129660,#e4e5e5,#dcddde
ğŸ›€,128704,#e4e6df,#dcded6
ğŸ“®,128238,#e59393,#dd7175
ğŸ‘,127825,#e5a786,#dd8b65
ğŸ§ ,129504,#e5b0c0,#dd97af
ğŸ§£,129507,#e5b2b1,#dd9a9c
ğŸŒ¶,127798,#e5b7b2,#dda09d
ğŸ¤¯,129327,#e5b970,#dda349
ğŸŠ,127818,#e5bc90,#dda772
ğŸ«¦,129766,#e5bcc5,#dda7b5
ğŸ,127950,#e5c3c4,#ddb0b4
ğŸ·,128055,#e5c4bd,#ddb1ab
ğŸ,127951,#e5c8b0,#ddb79a
ğŸ‘™,128089,#e5c8cc,#ddb7be
ğŸ—‚,128450,#e5c9ae,#ddb898
ğŸ«”,129748,#e5cea6,#ddbe8e
ğŸ’,128129,#e5d2a2,#ddc489
ğŸª«,129707,#e5d3d3,#ddc5c7
ğŸ§,129501,#e5dcb5,#ddd1a1
ğŸ«„,129732,#e5dcca,#ddd1bb
ğŸŒ¾,127806,#e5e1b2,#ddd79d
ğŸ§–,129494,#e5e2c6,#ddd9b6
ğŸ”­,128301,#e5e4e4,#dddbdc
â˜£,9763,#e5e5e5,#ddddde
ğŸ—¯,128495,#e5e6e6,#dddedf
ğŸ—¡,128481,#e5e6e8,#dddee1
ğŸ•,127829,#e6b898,#dfa27c
ğŸ‰,127817,#e6bcb5,#dfa7a1
ğŸ‘©,128105,#e6c16b,#dfad43
ğŸŠ,127882,#e6cac0,#dfb9af
ğŸ¤‘,129297,#e6cc77,#dfbc52
ğŸ¥ª,129386,#e6cea2,#dfbe89
ğŸ˜ª,128554,#e6cf85,#dfc064
ğŸ»,127867,#e6d5bf,#dfc8ad
ğŸªƒ,129667,#e6d7d1,#dfcac4
ğŸ›,127835,#e6dace,#dfcec0
ğŸ¦˜,129432,#e6dbd0,#dfcfc3
ğŸ¥›,129371,#e6e5e3,#dfdddb
ğŸ‡,128007,#e6e5e5,#dfddde
âšª,9898,#e6e6e6,#dfdedf
ğŸª¥,129701,#e6f3f8,#dfeff6
ğŸ§²,129522,#e78c8c,#e0686d
ğŸŸ,127839,#e7a27c,#e08558
ğŸ€,127872,#e7a5bc,#e089aa
ğŸ‘˜,128088,#e7b972,#e0a34c
ğŸ¥¯,129391,#e7c8a7,#e0b78f
ğŸ¥º,129402,#e7cb87,#e0bb66
ğŸ,127837,#e7d2bd,#e0c4ab
ğŸœ,127836,#e7d7c8,#e0cab9
ğŸ™,128591,#e7d8b6,#e0cca2
ğŸ¤½,129341,#e7dbc0,#e0cfaf
ğŸ“,128019,#e7dcd9,#e0d1ce
ğŸ§½,129533,#e7dd85,#e0d264
ğŸ¤¾,129342,#e7dfce,#e0d5c0
ğŸ¦·,129463,#e7e0d4,#e0d6c8
ğŸ‡¹,127481,#e7e7e7,#e0dfe0
ğŸ¦´,129460,#e7e8e8,#e0e0e1
ğŸ’—,128151,#e895c1,#e174b0
ğŸ©³,129651,#e8af5b,#e1962e
ğŸ«¨,129768,#e8c26e,#e1af47
ğŸ˜«,128555,#e8c677,#e1b452
ğŸ¤ª,129322,#e8c88f,#e1b770
ğŸ§“,129491,#e8c976,#e1b851
ğŸ§”,129492,#e8ca84,#e1b962
ğŸª,127914,#e8cac3,#e1b9b2
ğŸ¤•,129301,#e8cd92,#e1bd74
ğŸ‘±,128113,#e8d08b,#e1c16b
ğŸ’Œ,128140,#e8d0d0,#e1c1c3
ğŸ”±,128305,#e8d49f,#e1c685
ğŸ®,127854,#e8d4c0,#e1c6af
ğŸ¤´,129332,#e8d59a,#e1c87e
ğŸ¤µ,129333,#e8d5a6,#e1c88e
ğŸ¥¢,129378,#e8dada,#e1ced0
ğŸŒ,127884,#e8dddd,#e1d2d3
ğŸª„,129668,#e8e5de,#e1ddd5
â–ª,9642,#e8e8e8,#e1e0e1
ğŸ,127888,#e8ecf1,#e1e6ed
ğŸ¥µ,129397,#e9ac7d,#e2925a
ğŸ¦,129424,#e9ac95,#e29278
ğŸ¥°,129392,#e9b46c,#e29c44
ğŸ’„,128132,#e9c0be,#e2acac
ğŸ“Œ,128204,#e9c1c2,#e2adb1
ğŸ’Š,128138,#e9c497,#e2b17b
ğŸ§’,129490,#e9c671,#e2b44a
ğŸ˜©,128553,#e9c778,#e2b553
ğŸ‘µ,128117,#e9c878,#e2b753
ğŸ˜ƒ,128515,#e9c97e,#e2b85b
ğŸ‘‹,128075,#e9ca84,#e2b962
ğŸ˜³,128563,#e9ca8d,#e2b96e
ğŸ›•,128725,#e9cdc0,#e2bdaf
ğŸ‘¸,128120,#e9ce92,#e2be74
ğŸ˜¥,128549,#e9d084,#e2c162
ğŸ˜·,128567,#e9d19b,#e2c280
ğŸ’‡,128135,#e9d4a2,#e2c689
ğŸ¤¶,129334,#e9d8bd,#e2ccab
â›¹,9977,#e9ddc4,#e2d2b4
ğŸ¼,127868,#e9e6d5,#e2dec9
ğŸš¶,128694,#e9e6e3,#e2dedb
ğŸ«—,129751,#e9e7e7,#e2dfe0
ğŸ¬,127852,#e9e8f0,#e2e0eb
â—»,9723,#e9e9e9,#e2e2e3
ğŸ¥¼,129404,#e9eaeb,#e2e3e5
ğŸ’‰,128137,#e9ecee,#e2e6e9
ğŸª½,129725,#e9eff1,#e2eaed
ğŸ›‘,128721,#ea8169,#e45a40
ğŸ„,127812,#eaafa6,#e4968e
ğŸ–,128397,#eac1c1,#e4adb0
ğŸ«µ,129781,#eac467,#e4b13e
ğŸ˜µ,128565,#eac876,#e4b751
ğŸ˜†,128518,#eaca7f,#e4b95c
ğŸ˜„,128516,#eacb7f,#e4bb5c
ğŸ”,128020,#eacfc1,#e4c0b0
ğŸŒ¼,127804,#ead078,#e4c153
ğŸ˜¢,128546,#ead083,#e4c161
ğŸ‘,128079,#ead299,#e4c47d
ğŸ¦»,129467,#ead6a5,#e4c98c
ğŸ…,127941,#eadac3,#e4ceb2
ğŸ§‹,129483,#eaddd0,#e4d2c3
ğŸ‘¡,128097,#eaded3,#e4d3c7
ğŸ§¹,129529,#eae5da,#e4ddd0
ğŸŒ¦,127782,#eae7db,#e4dfd1
7,55,#eaeaea,#e4e3e4
ğŸ§,127911,#eaebeb,#e4e4e5
ğŸ’”,128148,#eb8e89,#e56b69
ğŸš¨,128680,#eba099,#e5827d
ğŸŸ ,128992,#eba74d,#e58b1d
ğŸª±,129713,#ebbbbf,#e5a6ad
ğŸµ,127989,#ebc070,#e5ac49
ğŸ©°,129648,#ebcbbe,#e5bbac
ğŸ˜€,128512,#ebcc80,#e5bc5d
ğŸ¤,129296,#ebcd81,#e5bd5f
ğŸ˜,128513,#ebce86,#e5be65
ğŸ±,128049,#ebd38a,#e5c56a
ğŸ™Œ,128588,#ebd39d,#e5c582
ğŸ¥Ÿ,129375,#ebd5b6,#e5c8a2
ğŸ¦’,129426,#ebdac4,#e5ceb4
ğŸª ,129696,#ebddd9,#e5d2ce
ğŸ“©,128233,#ebdfdf,#e5d5d6
ğŸ¸,127864,#ebeae5,#e5e3de
ğŸ¤,129293,#ebeaea,#e5e3e4
â†•,8597,#ebebeb,#e5e4e5
ğŸŸ,127903,#ec9ca5,#e67d8c
ğŸ’¢,128162,#eca7a7,#e68b8f
ğŸ«,129729,#ecb0ad,#e69796
ğŸ˜œ,128540,#ecc986,#e6b865
ğŸ§‡,129479,#ecca94,#e6b977
ğŸŒ­,127789,#eccca8,#e6bc90
ğŸ«£,129763,#eccd79,#e6bd55
ğŸ¥±,129393,#eccd7e,#e6bd5b
ğŸ¸,127928,#eccfce,#e6c0c0
ğŸ™„,128580,#ecd190,#e6c272
ğŸ’…,128133,#ecd1c2,#e6c2b1
ğŸ„,127940,#ecd2ac,#e6c495
ğŸ¥¤,129380,#ecd3d3,#e6c5c7
ğŸ¥,129374,#ecd4ad,#e6c696
ğŸ«…,129733,#ecd59a,#e6c87e
ğŸ‘·,128119,#ecdaa8,#e6ce90
ğŸ»,127995,#ecdac8,#e6ceb9
ğŸ¥‚,129346,#ece6d4,#e6dec8
ğŸ¡,127841,#ece7d9,#e6dfce
ğŸª,129694,#ecece8,#e6e6e1
1,49,#ececec,#e6e6e6
ğŸŒ¬,127788,#eceef2,#e6e8ee
ğŸ†,127374,#ed7569,#e84a40
ğŸˆ´,127540,#ed796d,#e84f45
ğŸˆ¹,127545,#ed7e73,#e8564d
ğŸˆµ,127541,#ed8379,#e85c55
ğŸˆ²,127538,#ed847a,#e85e56
ğŸ’‘,128145,#edba8f,#e8a470
â›º,9978,#edbfab,#e8ab94
ğŸ‘›,128091,#edc5d6,#e8b3ca
ğŸ‘¶,128118,#edcb74,#e8bb4e
ğŸ§‘,129489,#edce82,#e8be60
ğŸ¥–,129366,#edd8bc,#e8ccaa
ğŸ¥š,129370,#edebe7,#e8e4e0
âƒ£,8419,#ededed,#e8e7e8
ğŸ’­,128173,#ededee,#e8e7e9
ğŸ©·,129655,#ee85c5,#e95fb5
ğŸ“,127955,#eea094,#e98277
ğŸš«,128683,#eeb0a3,#e9978a
ğŸ§,129488,#eecf82,#e9c060
ğŸ¯,127855,#eecf8c,#e9c06d
ğŸ˜¬,128556,#eed087,#e9c166
ğŸ’†,128134,#eed290,#e9c472
ğŸ‘¼,128124,#eed58f,#e9c870
ğŸ¤¦,129318,#eed695,#e9c978
ğŸ¤,128036,#eed995,#e9cd78
ğŸ™,128590,#eedaab,#e9ce94
ğŸ™,128589,#eedaac,#e9ce95
ğŸ–,127958,#eedbbe,#e9cfac
ğŸ°,127856,#eedcb9,#e9d1a6
ğŸ‘¢,128098,#eee2d4,#e9d9c8
ğŸš¤,128676,#eee8da,#e9e0d0
ğŸ¦¯,129455,#eeebec,#e9e4e6
ğŸª§,129703,#eeedeb,#e9e7e5
*,42,#eeeeee,#e9e8e9
ğŸ’¯,128175,#ef9794,#ea7777
ğŸ’,128157,#efaa99,#ea8f7d
ğŸ£,127843,#efb9ab,#eaa394
ğŸ¤,127844,#efbd9a,#eaa87e
ğŸ¿,127871,#efc6bb,#eab4a8
ğŸ˜,128541,#efc97d,#eab85a
ğŸ‘¦,128102,#efcc72,#eabc4c
ğŸ‘§,128103,#efcd74,#eabd4e
ğŸ˜²,128562,#efcd79,#eabd55
ğŸ¤¤,129316,#efcf7c,#eac058
ğŸ‘¨,128104,#efcf7d,#eac05a
ğŸ˜¤,128548,#efd186,#eac265
ğŸš£,128675,#efd1c6,#eac2b6
ğŸ¤§,129319,#efd48b,#eac66b
ğŸ§˜,129496,#efddb3,#ead29e
ğŸ“¯,128239,#efdfcd,#ead5bf
ğŸŒ¡,127777,#efe0e2,#ead6da
ğŸ”–,128278,#efe2de,#ead9d5
ğŸªˆ,129672,#efe7e0,#eadfd7
ğŸ§,129485,#efe9db,#eae2d1
ğŸ¦™,129433,#efeade,#eae3d5
ğŸª¿,129727,#efebe7,#eae4e0
ã€°,12336,#efefef,#eaeaea
â›”,9940,#f0ab9a,#eb917e
ğŸ“›,128219,#f0afa2,#eb9689
ğŸ¤­,129325,#f0c879,#ebb755
ğŸ¤’,129298,#f0cb80,#ebbb5d
ğŸ‘´,128116,#f0cc70,#ebbc49
ğŸ¥´,129396,#f0cc7b,#ebbc57
ğŸ¥»,129403,#f0ccb3,#ebbc9e
ğŸ¤¨,129320,#f0cd78,#ebbd53
ğŸ¥§,129383,#f0cda3,#ebbd8a
ğŸ˜§,128551,#f0ce79,#ebbe55
ğŸ¤¥,129317,#f0ce7b,#ebbe57
ğŸ˜‰,128521,#f0cf7a,#ebc056
ğŸ˜–,128534,#f0d07b,#ebc157
ğŸ“,128205,#f0d4d3,#ebc6c7
ğŸ«¶,129782,#f0d9a6,#ebcd8e
ğŸ£,128035,#f0ddaa,#ebd293
ğŸ”‘,128273,#f0e0ad,#ebd696
ğŸƒ,127939,#f0e8d8,#ebe0cd
ğŸ•¯,128367,#f0e9e1,#ebe2d8
ğŸ’–,128150,#f191ba,#ed6fa7
ğŸ’,128158,#f1a0d0,#ed82c3
ğŸ˜¡,128545,#f1a46c,#ed8844
ğŸ›,128717,#f1aab2,#ed8f9d
ğŸ¤—,129303,#f1c26e,#edaf47
ğŸ˜›,128539,#f1ca7d,#edb95a
ğŸ«¤,129764,#f1cd79,#edbd55
ğŸ˜Ÿ,128543,#f1cf7a,#edc056
ğŸ˜’,128530,#f1d07a,#edc156
ğŸ˜,128527,#f1d07b,#edc157
ğŸ¦±,129457,#f1d592,#edc874
ğŸ–,128022,#f1dfd5,#edd5c9
ğŸŒ¤,127780,#f1e0bd,#edd6ab
ğŸ—,127959,#f1e4d1,#eddbc4
ğŸ¦,127846,#f1e9d8,#ede2cd
ğŸŒ¥,127781,#f1eee9,#ede8e3
â†™,8601,#f1f1f1,#edeced
ğŸ˜,128525,#f2be7e,#eeaa5b
ğŸ’,128143,#f2bf8f,#eeab70
ğŸ˜˜,128536,#f2c878,#eeb753
ğŸ‘š,128090,#f2c9e4,#eeb8dc
ğŸ˜Š,128522,#f2cb77,#eebb52
ğŸ«¢,129762,#f2cb7b,#eebb57
ğŸ˜š,128538,#f2cc79,#eebc55
ğŸ˜‹,128523,#f2ce7e,#eebe5b
ğŸ˜®,128558,#f2cf7a,#eec056
ğŸ˜,128528,#f2d07a,#eec156
ğŸ˜ ,128544,#f2d07b,#eec157
ğŸ˜¦,128550,#f2d17b,#eec257
ğŸ¦©,129449,#f2d4d5,#eec6c9
ğŸ–,127894,#f2d7c2,#eecab1
ğŸ¥‡,129351,#f2ddb0,#eed29a
ğŸŒ,127773,#f2de8f,#eed370
â›…,9925,#f2f0e6,#eeebdf
âŒ,10060,#f38585,#ef5f64
ğŸ’¥,128165,#f3c1b0,#efad9a
ğŸ¦°,129456,#f3cc91,#efbc73
ğŸ« ,129760,#f3cf74,#efc04e
âœŠ,9994,#f3cf7f,#efc05c
ğŸ˜™,128537,#f3d07b,#efc157
ğŸ¤”,129300,#f3d17a,#efc256
ğŸ˜‘,128529,#f3d17b,#efc257
ğŸ˜,128542,#f3d27b,#efc457
ğŸ«¡,129761,#f3d99f,#efcd85
ğŸ¦¶,129462,#f3dbac,#efcf95
ğŸ«¥,129765,#f3e5c7,#efddb7
ğŸ’,127954,#f3ebe9,#efe4e3
â–«,9643,#f3f3f3,#efefef
ğŸŒ©,127785,#f3f4f1,#eff0ed
â­•,11093,#f48c8c,#f0686d
ğŸ’“,128147,#f49fd1,#f081c4
ğŸˆ,127880,#f4babd,#f0a4ab
ğŸ¤«,129323,#f4cc7a,#f0bc56
ğŸ‘Š,128074,#f4d081,#f0c15f
ğŸ™ƒ,128579,#f4d17a,#f0c256
ğŸ˜•,128533,#f4d27b,#f0c457
ğŸ«²,129778,#f4da96,#f0ce79
ğŸ¤¸,129336,#f4edde,#f0e7d5
ğŸ’•,128149,#f5b0d8,#f297cd
ğŸŒ¸,127800,#f5b9d2,#f2a3c5
ğŸ¤²,129330,#f5d171,#f2c24a
ğŸ˜¶,128566,#f5d37b,#f2c557
ğŸ¤›,129307,#f5dba0,#f2cf86
ğŸ«±,129777,#f5dc99,#f2d17d
ğŸ¥,128037,#f5dc9b,#f2d180
ğŸ¤,129309,#f5dc9c,#f2d181
âœŒ,9996,#f5dca4,#f2d18b
ğŸ¤˜,129304,#f5dda7,#f2d28f
ğŸ¤,129310,#f5dfac,#f2d595
ğŸ«³,129779,#f5e5bd,#f2ddab
ğŸ§ˆ,129480,#f5ebd2,#f2e4c5
ğŸ§´,129524,#f5ece6,#f2e6df
ğŸ‰,127568,#f67875,#f34e4f
ğŸ§¡,129505,#f6b572,#f39e4c
ğŸ”º,128314,#f6beb8,#f3aaa4
ğŸŒ,127774,#f6cd76,#f3bd51
ğŸ¤œ,129308,#f6dba0,#f3cf86
ğŸ«·,129783,#f6e4bb,#f3dba8
ğŸ«´,129780,#f6e6bd,#f3deab
ğŸŒ,127820,#f6eac8,#f3e3b9
ğŸ§,129486,#f6f3eb,#f3efe5
â“,10067,#f7d5d5,#f4c8c9
ğŸ¤Ÿ,129311,#f7dda1,#f4d287
ğŸ‘,128080,#f7deac,#f4d395
â˜,9757,#f7e0ad,#f4d696
ğŸ‘Œ,128076,#f7e0af,#f4d699
ğŸ«°,129776,#f7e2ab,#f4d994
ğŸŒ›,127771,#f7ebc1,#f4e4b0
ğŸŒœ,127772,#f7ecc2,#f4e6b1
ğŸ–±,128433,#f7f7f8,#f4f4f6
â—,10071,#f8d5d5,#f6c8c9
ğŸ§€,129472,#f8d686,#f6c965
ğŸ‘,128078,#f8d78a,#f6ca6a
ğŸ–,128400,#f8db98,#f6cf7c
ğŸ¤š,129306,#f8dca3,#f6d18a
ğŸŒ•,127765,#f8e16b,#f6d743
ğŸ¦µ,129461,#f8ebcf,#f6e4c2
ğŸ¦³,129459,#f8eed7,#f6e8cc
ğŸ––,128406,#f9dc9c,#f7d181
ğŸ¤™,129305,#f9dd9b,#f7d280
âœ‹,9995,#f9de9d,#f7d382
ğŸ·,127991,#f9e2c5,#f7d9b5
â”,10068,#f9f9f9,#f7f7f7
ğŸ‰‘,127569,#fabc69,#f8a740
ğŸ“´,128244,#fabe5c,#f8aa30
ğŸˆ¶,127542,#fabe5e,#f8aa32
ğŸˆº,127546,#fac064,#f8ac3a
ğŸˆš,127514,#fac165,#f8ad3b
ğŸ”»,128315,#faccc7,#f8bcb7
ğŸŸ¨,129000,#fad036,#f8c100
ğŸ‘‚,128066,#fae4b0,#f8db9a
ğŸ‘‡,128071,#fae4b6,#f8dba2
ğŸ‘‰,128073,#fae5b4,#f8dd9f
ğŸ‘ˆ,128072,#fae5b5,#f8dda1
ğŸ‘†,128070,#fae7bc,#f8dfaa
ğŸ—,127895,#faeab8,#f8e3a4
ğŸ’¡,128161,#faf5e5,#f8f1de
ğŸ“³,128243,#fbba50,#f9a420
ğŸ†š,127386,#fbbd59,#f9a82c
ğŸš¼,128700,#fbbf5e,#f9ab32
ğŸ’›,128155,#fbda91,#f9ce73
ğŸŸ¡,128993,#fbdb4d,#f9cf1d
ğŸ‘,128077,#fbe19d,#f9d782
ğŸ’ª,128170,#fbe3a8,#f9da90
ğŸ¤Œ,129292,#fbe4b1,#f9db9c
ğŸ–•,128405,#fbe9c3,#f9e2b2
ğŸŒŸ,127775,#fbeab2,#f9e39d
â­,11088,#fbedc3,#f9e7b2
ğŸ”¶,128310,#fccd84,#fbbd62
ğŸ”†,128262,#fcdc9e,#fbd183
ğŸ‘ƒ,128067,#fce9b6,#fbe2a2
ğŸŒ™,127769,#fcf3d2,#fbefc5
ğŸ”¥,128293,#fdc9a7,#fcb88f
ğŸ”¸,128312,#fddeb0,#fcd39a
ğŸ”…,128261,#fde7b6,#fcdfa2
ğŸ¦²,129458,#fdecb8,#fce6a4
âš¡,9889,#fdefd2,#fceac5
ğŸ’«,128171,#fdf1cd,#fcecbf
ğŸ’®,128174,#fecac9,#fdb9ba
âœ¨,10024,#feefd4,#fdeac8
ğŸŸ§,128999,#ffa339,#ff8603
ï¸,65039,#ffffff,#ffffff
